"state","year","population"
"Alabama","1991","4,099,156"
"Alabama","1992","4,154,014"
"Alabama","1993","4,214,202"
"Alabama","1994","4,260,229"
"Alabama","1995","4,296,800"
"Alabama","1996","4,331,102"
"Alabama","1997","4,367,935"
"Alabama","1998","4,404,701"
"Alabama","1999","4,430,141"
"Alabama","2000","4,452,173"
"Alabama","2001","4,467,634"
"Alabama","2002","4,480,089"
"Alabama","2003","4,503,491"
"Alabama","2004","4,530,729"
"Alabama","2005","4,569,805"
"Alabama","2006","4,628,981"
"Alabama","2007","4,672,840"
"Alabama","2008","4,718,206"
"Alabama","2009","4,757,938"
"Alaska","1991","570,193"
"Alaska","1992","588,736"
"Alaska","1993","599,432"
"Alaska","1994","603,308"
"Alaska","1995","604,412"
"Alaska","1996","608,569"
"Alaska","1997","612,968"
"Alaska","1998","619,932"
"Alaska","1999","624,779"
"Alaska","2000","627,963"
"Alaska","2001","633,714"
"Alaska","2002","642,337"
"Alaska","2003","648,414"
"Alaska","2004","659,286"
"Alaska","2005","666,946"
"Alaska","2006","675,302"
"Alaska","2007","680,300"
"Alaska","2008","687,455"
"Alaska","2009","698,895"
"Arizona","1991","3,788,576"
"Arizona","1992","3,915,740"
"Arizona","1993","4,065,440"
"Arizona","1994","4,245,089"
"Arizona","1995","4,432,499"
"Arizona","1996","4,586,940"
"Arizona","1997","4,736,990"
"Arizona","1998","4,883,342"
"Arizona","1999","5,023,823"
"Arizona","2000","5,160,586"
"Arizona","2001","5,273,477"
"Arizona","2002","5,396,255"
"Arizona","2003","5,510,364"
"Arizona","2004","5,652,404"
"Arizona","2005","5,839,077"
"Arizona","2006","6,029,141"
"Arizona","2007","6,167,681"
"Arizona","2008","6,280,362"
"Arizona","2009","6,343,154"
"Arkansas","1991","2,383,144"
"Arkansas","1992","2,415,984"
"Arkansas","1993","2,456,303"
"Arkansas","1994","2,494,019"
"Arkansas","1995","2,535,399"
"Arkansas","1996","2,572,109"
"Arkansas","1997","2,601,090"
"Arkansas","1998","2,626,289"
"Arkansas","1999","2,651,860"
"Arkansas","2000","2,678,588"
"Arkansas","2001","2,691,571"
"Arkansas","2002","2,705,927"
"Arkansas","2003","2,724,816"
"Arkansas","2004","2,749,686"
"Arkansas","2005","2,781,097"
"Arkansas","2006","2,821,761"
"Arkansas","2007","2,848,650"
"Arkansas","2008","2,874,554"
"Arkansas","2009","2,896,843"
"California","1991","30,470,736"
"California","1992","30,974,659"
"California","1993","31,274,928"
"California","1994","31,484,435"
"California","1995","31,696,582"
"California","1996","32,018,834"
"California","1997","32,486,010"
"California","1998","32,987,675"
"California","1999","33,499,204"
"California","2000","33,987,977"
"California","2001","34,479,458"
"California","2002","34,871,843"
"California","2003","35,253,159"
"California","2004","35,574,576"
"California","2005","35,827,943"
"California","2006","36,021,202"
"California","2007","36,250,311"
"California","2008","36,604,337"
"California","2009","36,961,229"
"Colorado","1991","3,387,119"
"Colorado","1992","3,495,939"
"Colorado","1993","3,613,734"
"Colorado","1994","3,724,168"
"Colorado","1995","3,826,653"
"Colorado","1996","3,919,972"
"Colorado","1997","4,018,293"
"Colorado","1998","4,116,639"
"Colorado","1999","4,226,018"
"Colorado","2000","4,326,921"
"Colorado","2001","4,425,687"
"Colorado","2002","4,490,406"
"Colorado","2003","4,528,732"
"Colorado","2004","4,575,013"
"Colorado","2005","4,631,888"
"Colorado","2006","4,720,423"
"Colorado","2007","4,803,868"
"Colorado","2008","4,889,730"
"Colorado","2009","4,972,195"
"Connecticut","1991","3,302,895"
"Connecticut","1992","3,300,712"
"Connecticut","1993","3,309,175"
"Connecticut","1994","3,316,121"
"Connecticut","1995","3,324,144"
"Connecticut","1996","3,336,685"
"Connecticut","1997","3,349,348"
"Connecticut","1998","3,365,352"
"Connecticut","1999","3,386,401"
"Connecticut","2000","3,411,777"
"Connecticut","2001","3,432,835"
"Connecticut","2002","3,458,749"
"Connecticut","2003","3,484,336"
"Connecticut","2004","3,496,094"
"Connecticut","2005","3,506,956"
"Connecticut","2006","3,517,460"
"Connecticut","2007","3,527,270"
"Connecticut","2008","3,545,579"
"Connecticut","2009","3,561,807"
"Delaware","1991","683,080"
"Delaware","1992","694,925"
"Delaware","1993","706,378"
"Delaware","1994","717,545"
"Delaware","1995","729,734"
"Delaware","1996","740,977"
"Delaware","1997","751,487"
"Delaware","1998","763,335"
"Delaware","1999","774,990"
"Delaware","2000","786,373"
"Delaware","2001","795,699"
"Delaware","2002","806,169"
"Delaware","2003","818,003"
"Delaware","2004","830,803"
"Delaware","2005","845,150"
"Delaware","2006","859,268"
"Delaware","2007","871,749"
"Delaware","2008","883,874"
"Delaware","2009","891,730"
"District of Columbia","1991","600,870"
"District of Columbia","1992","597,565"
"District of Columbia","1993","595,301"
"District of Columbia","1994","589,239"
"District of Columbia","1995","580,517"
"District of Columbia","1996","572,377"
"District of Columbia","1997","567,736"
"District of Columbia","1998","565,230"
"District of Columbia","1999","570,213"
"District of Columbia","2000","572,046"
"District of Columbia","2001","574,504"
"District of Columbia","2002","573,158"
"District of Columbia","2003","568,502"
"District of Columbia","2004","567,754"
"District of Columbia","2005","567,136"
"District of Columbia","2006","570,681"
"District of Columbia","2007","574,404"
"District of Columbia","2008","580,236"
"District of Columbia","2009","592,228"
"Florida","1991","13,369,798"
"Florida","1992","13,650,553"
"Florida","1993","13,927,185"
"Florida","1994","14,239,444"
"Florida","1995","14,537,875"
"Florida","1996","14,853,360"
"Florida","1997","15,186,304"
"Florida","1998","15,486,559"
"Florida","1999","15,759,421"
"Florida","2000","16,047,515"
"Florida","2001","16,356,966"
"Florida","2002","16,689,370"
"Florida","2003","17,004,085"
"Florida","2004","17,415,318"
"Florida","2005","17,842,038"
"Florida","2006","18,166,990"
"Florida","2007","18,367,842"
"Florida","2008","18,527,305"
"Florida","2009","18,652,644"
"Georgia","1991","6,653,005"
"Georgia","1992","6,817,203"
"Georgia","1993","6,978,240"
"Georgia","1994","7,157,165"
"Georgia","1995","7,328,413"
"Georgia","1996","7,501,069"
"Georgia","1997","7,685,099"
"Georgia","1998","7,863,536"
"Georgia","1999","8,045,965"
"Georgia","2000","8,227,303"
"Georgia","2001","8,377,038"
"Georgia","2002","8,508,256"
"Georgia","2003","8,622,793"
"Georgia","2004","8,769,252"
"Georgia","2005","8,925,922"
"Georgia","2006","9,155,813"
"Georgia","2007","9,349,988"
"Georgia","2008","9,504,843"
"Georgia","2009","9,620,846"
"Hawaii","1991","1,136,754"
"Hawaii","1992","1,158,613"
"Hawaii","1993","1,172,838"
"Hawaii","1994","1,187,536"
"Hawaii","1995","1,196,854"
"Hawaii","1996","1,203,755"
"Hawaii","1997","1,211,640"
"Hawaii","1998","1,215,233"
"Hawaii","1999","1,210,300"
"Hawaii","2000","1,213,519"
"Hawaii","2001","1,225,948"
"Hawaii","2002","1,239,613"
"Hawaii","2003","1,251,154"
"Hawaii","2004","1,273,569"
"Hawaii","2005","1,292,729"
"Hawaii","2006","1,309,731"
"Hawaii","2007","1,315,675"
"Hawaii","2008","1,332,213"
"Hawaii","2009","1,346,717"
"Idaho","1991","1,041,316"
"Idaho","1992","1,071,685"
"Idaho","1993","1,108,768"
"Idaho","1994","1,145,140"
"Idaho","1995","1,177,322"
"Idaho","1996","1,203,083"
"Idaho","1997","1,228,520"
"Idaho","1998","1,252,330"
"Idaho","1999","1,275,674"
"Idaho","2000","1,299,430"
"Idaho","2001","1,319,962"
"Idaho","2002","1,340,372"
"Idaho","2003","1,363,380"
"Idaho","2004","1,391,802"
"Idaho","2005","1,428,241"
"Idaho","2006","1,468,669"
"Idaho","2007","1,505,105"
"Idaho","2008","1,534,320"
"Idaho","2009","1,554,439"
"Illinois","1991","11,568,964"
"Illinois","1992","11,694,184"
"Illinois","1993","11,809,579"
"Illinois","1994","11,912,585"
"Illinois","1995","12,008,437"
"Illinois","1996","12,101,997"
"Illinois","1997","12,185,715"
"Illinois","1998","12,271,847"
"Illinois","1999","12,359,020"
"Illinois","2000","12,434,161"
"Illinois","2001","12,488,445"
"Illinois","2002","12,525,556"
"Illinois","2003","12,556,006"
"Illinois","2004","12,589,773"
"Illinois","2005","12,609,903"
"Illinois","2006","12,643,955"
"Illinois","2007","12,695,866"
"Illinois","2008","12,747,038"
"Illinois","2009","12,796,778"
"Indiana","1991","5,616,388"
"Indiana","1992","5,674,547"
"Indiana","1993","5,739,019"
"Indiana","1994","5,793,526"
"Indiana","1995","5,851,459"
"Indiana","1996","5,906,013"
"Indiana","1997","5,955,267"
"Indiana","1998","5,998,880"
"Indiana","1999","6,044,969"
"Indiana","2000","6,091,866"
"Indiana","2001","6,127,760"
"Indiana","2002","6,155,967"
"Indiana","2003","6,196,638"
"Indiana","2004","6,233,007"
"Indiana","2005","6,278,616"
"Indiana","2006","6,332,669"
"Indiana","2007","6,379,599"
"Indiana","2008","6,424,806"
"Indiana","2009","6,459,325"
"Iowa","1991","2,797,613"
"Iowa","1992","2,818,401"
"Iowa","1993","2,836,972"
"Iowa","1994","2,850,746"
"Iowa","1995","2,867,373"
"Iowa","1996","2,880,000"
"Iowa","1997","2,891,119"
"Iowa","1998","2,902,872"
"Iowa","1999","2,917,634"
"Iowa","2000","2,929,067"
"Iowa","2001","2,931,997"
"Iowa","2002","2,934,234"
"Iowa","2003","2,941,999"
"Iowa","2004","2,953,635"
"Iowa","2005","2,964,454"
"Iowa","2006","2,982,644"
"Iowa","2007","2,999,212"
"Iowa","2008","3,016,734"
"Iowa","2009","3,032,870"
"Kansas","1991","2,498,722"
"Kansas","1992","2,532,394"
"Kansas","1993","2,556,547"
"Kansas","1994","2,580,513"
"Kansas","1995","2,601,007"
"Kansas","1996","2,614,554"
"Kansas","1997","2,635,292"
"Kansas","1998","2,660,598"
"Kansas","1999","2,678,338"
"Kansas","2000","2,693,681"
"Kansas","2001","2,702,162"
"Kansas","2002","2,713,535"
"Kansas","2003","2,723,004"
"Kansas","2004","2,734,373"
"Kansas","2005","2,745,299"
"Kansas","2006","2,762,931"
"Kansas","2007","2,783,785"
"Kansas","2008","2,808,076"
"Kansas","2009","2,832,704"
"Kentucky","1991","3,722,328"
"Kentucky","1992","3,765,469"
"Kentucky","1993","3,812,206"
"Kentucky","1994","3,849,088"
"Kentucky","1995","3,887,427"
"Kentucky","1996","3,919,535"
"Kentucky","1997","3,952,747"
"Kentucky","1998","3,985,390"
"Kentucky","1999","4,018,053"
"Kentucky","2000","4,049,021"
"Kentucky","2001","4,068,132"
"Kentucky","2002","4,089,875"
"Kentucky","2003","4,117,170"
"Kentucky","2004","4,146,101"
"Kentucky","2005","4,182,742"
"Kentucky","2006","4,219,239"
"Kentucky","2007","4,256,672"
"Kentucky","2008","4,289,878"
"Kentucky","2009","4,317,074"
"Louisiana","1991","4,253,279"
"Louisiana","1992","4,293,003"
"Louisiana","1993","4,316,428"
"Louisiana","1994","4,347,481"
"Louisiana","1995","4,378,779"
"Louisiana","1996","4,398,877"
"Louisiana","1997","4,421,071"
"Louisiana","1998","4,440,344"
"Louisiana","1999","4,460,811"
"Louisiana","2000","4,471,885"
"Louisiana","2001","4,477,875"
"Louisiana","2002","4,497,267"
"Louisiana","2003","4,521,042"
"Louisiana","2004","4,552,238"
"Louisiana","2005","4,576,628"
"Louisiana","2006","4,302,665"
"Louisiana","2007","4,375,581"
"Louisiana","2008","4,435,586"
"Louisiana","2009","4,491,648"
"Maine","1991","1,237,081"
"Maine","1992","1,238,508"
"Maine","1993","1,242,302"
"Maine","1994","1,242,662"
"Maine","1995","1,243,480"
"Maine","1996","1,249,060"
"Maine","1997","1,254,774"
"Maine","1998","1,259,127"
"Maine","1999","1,266,808"
"Maine","2000","1,277,072"
"Maine","2001","1,285,692"
"Maine","2002","1,295,960"
"Maine","2003","1,306,513"
"Maine","2004","1,313,688"
"Maine","2005","1,318,787"
"Maine","2006","1,323,619"
"Maine","2007","1,327,040"
"Maine","2008","1,330,509"
"Maine","2009","1,329,590"
"Maryland","1991","4,867,641"
"Maryland","1992","4,923,368"
"Maryland","1993","4,971,889"
"Maryland","1994","5,023,060"
"Maryland","1995","5,070,033"
"Maryland","1996","5,111,986"
"Maryland","1997","5,157,328"
"Maryland","1998","5,204,464"
"Maryland","1999","5,254,509"
"Maryland","2000","5,311,034"
"Maryland","2001","5,374,691"
"Maryland","2002","5,440,389"
"Maryland","2003","5,496,269"
"Maryland","2004","5,546,935"
"Maryland","2005","5,592,379"
"Maryland","2006","5,627,367"
"Maryland","2007","5,653,408"
"Maryland","2008","5,684,965"
"Maryland","2009","5,730,388"
"Massachusetts","1991","6,018,470"
"Massachusetts","1992","6,028,709"
"Massachusetts","1993","6,060,569"
"Massachusetts","1994","6,095,241"
"Massachusetts","1995","6,141,445"
"Massachusetts","1996","6,179,756"
"Massachusetts","1997","6,226,058"
"Massachusetts","1998","6,271,838"
"Massachusetts","1999","6,317,345"
"Massachusetts","2000","6,361,104"
"Massachusetts","2001","6,397,634"
"Massachusetts","2002","6,417,206"
"Massachusetts","2003","6,422,565"
"Massachusetts","2004","6,412,281"
"Massachusetts","2005","6,403,290"
"Massachusetts","2006","6,410,084"
"Massachusetts","2007","6,431,559"
"Massachusetts","2008","6,468,967"
"Massachusetts","2009","6,517,613"
"Michigan","1991","9,400,446"
"Michigan","1992","9,479,065"
"Michigan","1993","9,540,114"
"Michigan","1994","9,597,737"
"Michigan","1995","9,676,211"
"Michigan","1996","9,758,645"
"Michigan","1997","9,809,051"
"Michigan","1998","9,847,942"
"Michigan","1999","9,897,116"
"Michigan","2000","9,952,450"
"Michigan","2001","9,991,120"
"Michigan","2002","10,015,710"
"Michigan","2003","10,041,152"
"Michigan","2004","10,055,315"
"Michigan","2005","10,051,137"
"Michigan","2006","10,036,081"
"Michigan","2007","10,001,284"
"Michigan","2008","9,946,889"
"Michigan","2009","9,901,591"
"Minnesota","1991","4,440,859"
"Minnesota","1992","4,495,572"
"Minnesota","1993","4,555,954"
"Minnesota","1994","4,610,355"
"Minnesota","1995","4,660,180"
"Minnesota","1996","4,712,827"
"Minnesota","1997","4,763,390"
"Minnesota","1998","4,813,412"
"Minnesota","1999","4,873,481"
"Minnesota","2000","4,933,692"
"Minnesota","2001","4,982,796"
"Minnesota","2002","5,018,935"
"Minnesota","2003","5,053,572"
"Minnesota","2004","5,087,713"
"Minnesota","2005","5,119,598"
"Minnesota","2006","5,163,555"
"Minnesota","2007","5,207,203"
"Minnesota","2008","5,247,018"
"Minnesota","2009","5,281,203"
"Mississippi","1991","2,598,733"
"Mississippi","1992","2,623,734"
"Mississippi","1993","2,655,100"
"Mississippi","1994","2,688,992"
"Mississippi","1995","2,722,659"
"Mississippi","1996","2,748,085"
"Mississippi","1997","2,777,004"
"Mississippi","1998","2,804,834"
"Mississippi","1999","2,828,408"
"Mississippi","2000","2,848,353"
"Mississippi","2001","2,852,994"
"Mississippi","2002","2,858,681"
"Mississippi","2003","2,868,312"
"Mississippi","2004","2,889,010"
"Mississippi","2005","2,905,943"
"Mississippi","2006","2,904,978"
"Mississippi","2007","2,928,350"
"Mississippi","2008","2,947,806"
"Mississippi","2009","2,958,774"
"Missouri","1991","5,170,800"
"Missouri","1992","5,217,101"
"Missouri","1993","5,271,175"
"Missouri","1994","5,324,497"
"Missouri","1995","5,378,247"
"Missouri","1996","5,431,553"
"Missouri","1997","5,481,193"
"Missouri","1998","5,521,765"
"Missouri","1999","5,561,948"
"Missouri","2000","5,607,285"
"Missouri","2001","5,641,142"
"Missouri","2002","5,674,825"
"Missouri","2003","5,709,403"
"Missouri","2004","5,747,741"
"Missouri","2005","5,790,300"
"Missouri","2006","5,842,704"
"Missouri","2007","5,887,612"
"Missouri","2008","5,923,916"
"Missouri","2009","5,961,088"
"Montana","1991","809,680"
"Montana","1992","825,770"
"Montana","1993","844,761"
"Montana","1994","861,306"
"Montana","1995","876,553"
"Montana","1996","886,254"
"Montana","1997","889,865"
"Montana","1998","892,431"
"Montana","1999","897,507"
"Montana","2000","903,773"
"Montana","2001","906,961"
"Montana","2002","911,667"
"Montana","2003","919,630"
"Montana","2004","930,009"
"Montana","2005","940,102"
"Montana","2006","952,692"
"Montana","2007","964,706"
"Montana","2008","976,415"
"Montana","2009","983,982"
"Nebraska","1991","1,595,919"
"Nebraska","1992","1,611,687"
"Nebraska","1993","1,625,590"
"Nebraska","1994","1,639,041"
"Nebraska","1995","1,656,992"
"Nebraska","1996","1,673,740"
"Nebraska","1997","1,686,418"
"Nebraska","1998","1,695,816"
"Nebraska","1999","1,704,764"
"Nebraska","2000","1,713,820"
"Nebraska","2001","1,719,836"
"Nebraska","2002","1,728,292"
"Nebraska","2003","1,738,643"
"Nebraska","2004","1,749,370"
"Nebraska","2005","1,761,497"
"Nebraska","2006","1,772,693"
"Nebraska","2007","1,783,440"
"Nebraska","2008","1,796,378"
"Nebraska","2009","1,812,683"
"Nevada","1991","1,296,171"
"Nevada","1992","1,351,367"
"Nevada","1993","1,411,215"
"Nevada","1994","1,499,298"
"Nevada","1995","1,581,578"
"Nevada","1996","1,666,320"
"Nevada","1997","1,764,104"
"Nevada","1998","1,853,191"
"Nevada","1999","1,934,718"
"Nevada","2000","2,018,741"
"Nevada","2001","2,098,399"
"Nevada","2002","2,173,791"
"Nevada","2003","2,248,850"
"Nevada","2004","2,346,222"
"Nevada","2005","2,432,143"
"Nevada","2006","2,522,658"
"Nevada","2007","2,601,072"
"Nevada","2008","2,653,630"
"Nevada","2009","2,684,665"
"New Hampshire","1991","1,109,929"
"New Hampshire","1992","1,117,784"
"New Hampshire","1993","1,129,458"
"New Hampshire","1994","1,142,560"
"New Hampshire","1995","1,157,561"
"New Hampshire","1996","1,174,719"
"New Hampshire","1997","1,189,425"
"New Hampshire","1998","1,205,940"
"New Hampshire","1999","1,222,014"
"New Hampshire","2000","1,239,882"
"New Hampshire","2001","1,255,517"
"New Hampshire","2002","1,269,089"
"New Hampshire","2003","1,279,840"
"New Hampshire","2004","1,290,121"
"New Hampshire","2005","1,298,492"
"New Hampshire","2006","1,308,389"
"New Hampshire","2007","1,312,540"
"New Hampshire","2008","1,315,906"
"New Hampshire","2009","1,316,102"
"New Jersey","1991","7,814,676"
"New Jersey","1992","7,880,508"
"New Jersey","1993","7,948,915"
"New Jersey","1994","8,014,306"
"New Jersey","1995","8,083,242"
"New Jersey","1996","8,149,596"
"New Jersey","1997","8,218,808"
"New Jersey","1998","8,287,418"
"New Jersey","1999","8,359,592"
"New Jersey","2000","8,430,621"
"New Jersey","2001","8,492,671"
"New Jersey","2002","8,552,643"
"New Jersey","2003","8,601,402"
"New Jersey","2004","8,634,561"
"New Jersey","2005","8,651,974"
"New Jersey","2006","8,661,679"
"New Jersey","2007","8,677,885"
"New Jersey","2008","8,711,090"
"New Jersey","2009","8,755,602"
"New Mexico","1991","1,555,305"
"New Mexico","1992","1,595,442"
"New Mexico","1993","1,636,453"
"New Mexico","1994","1,682,398"
"New Mexico","1995","1,720,394"
"New Mexico","1996","1,752,326"
"New Mexico","1997","1,774,839"
"New Mexico","1998","1,793,484"
"New Mexico","1999","1,808,082"
"New Mexico","2000","1,821,204"
"New Mexico","2001","1,831,690"
"New Mexico","2002","1,855,309"
"New Mexico","2003","1,877,574"
"New Mexico","2004","1,903,808"
"New Mexico","2005","1,932,274"
"New Mexico","2006","1,962,137"
"New Mexico","2007","1,990,070"
"New Mexico","2008","2,010,662"
"New Mexico","2009","2,036,802"
"New York","1991","18,122,510"
"New York","1992","18,246,653"
"New York","1993","18,374,954"
"New York","1994","18,459,470"
"New York","1995","18,524,104"
"New York","1996","18,588,460"
"New York","1997","18,656,546"
"New York","1998","18,755,906"
"New York","1999","18,882,725"
"New York","2000","19,001,780"
"New York","2001","19,082,838"
"New York","2002","19,137,800"
"New York","2003","19,175,939"
"New York","2004","19,171,567"
"New York","2005","19,132,610"
"New York","2006","19,104,631"
"New York","2007","19,132,335"
"New York","2008","19,212,436"
"New York","2009","19,307,066"
"North Carolina","1991","6,784,280"
"North Carolina","1992","6,897,214"
"North Carolina","1993","7,042,818"
"North Carolina","1994","7,187,398"
"North Carolina","1995","7,344,674"
"North Carolina","1996","7,500,670"
"North Carolina","1997","7,656,825"
"North Carolina","1998","7,809,121"
"North Carolina","1999","7,949,361"
"North Carolina","2000","8,081,614"
"North Carolina","2001","8,210,122"
"North Carolina","2002","8,326,201"
"North Carolina","2003","8,422,501"
"North Carolina","2004","8,553,152"
"North Carolina","2005","8,705,407"
"North Carolina","2006","8,917,270"
"North Carolina","2007","9,118,037"
"North Carolina","2008","9,309,449"
"North Carolina","2009","9,449,566"
"North Dakota","1991","635,753"
"North Dakota","1992","638,223"
"North Dakota","1993","641,216"
"North Dakota","1994","644,804"
"North Dakota","1995","647,832"
"North Dakota","1996","650,382"
"North Dakota","1997","649,716"
"North Dakota","1998","647,532"
"North Dakota","1999","644,259"
"North Dakota","2000","642,023"
"North Dakota","2001","639,062"
"North Dakota","2002","638,168"
"North Dakota","2003","638,817"
"North Dakota","2004","644,705"
"North Dakota","2005","646,089"
"North Dakota","2006","649,422"
"North Dakota","2007","652,822"
"North Dakota","2008","657,569"
"North Dakota","2009","664,968"
"Ohio","1991","10,945,762"
"Ohio","1992","11,029,431"
"Ohio","1993","11,101,140"
"Ohio","1994","11,152,454"
"Ohio","1995","11,202,751"
"Ohio","1996","11,242,827"
"Ohio","1997","11,277,357"
"Ohio","1998","11,311,536"
"Ohio","1999","11,335,454"
"Ohio","2000","11,363,543"
"Ohio","2001","11,387,404"
"Ohio","2002","11,407,889"
"Ohio","2003","11,434,788"
"Ohio","2004","11,452,251"
"Ohio","2005","11,463,320"
"Ohio","2006","11,481,213"
"Ohio","2007","11,500,468"
"Ohio","2008","11,515,391"
"Ohio","2009","11,528,896"
"Oklahoma","1991","3,175,440"
"Oklahoma","1992","3,220,517"
"Oklahoma","1993","3,252,285"
"Oklahoma","1994","3,280,940"
"Oklahoma","1995","3,308,208"
"Oklahoma","1996","3,340,129"
"Oklahoma","1997","3,372,917"
"Oklahoma","1998","3,405,194"
"Oklahoma","1999","3,437,147"
"Oklahoma","2000","3,454,365"
"Oklahoma","2001","3,467,100"
"Oklahoma","2002","3,489,080"
"Oklahoma","2003","3,504,892"
"Oklahoma","2004","3,525,233"
"Oklahoma","2005","3,548,597"
"Oklahoma","2006","3,594,090"
"Oklahoma","2007","3,634,349"
"Oklahoma","2008","3,668,976"
"Oklahoma","2009","3,717,572"
"Oregon","1991","2,928,507"
"Oregon","1992","2,991,755"
"Oregon","1993","3,060,367"
"Oregon","1994","3,121,264"
"Oregon","1995","3,184,369"
"Oregon","1996","3,247,111"
"Oregon","1997","3,304,310"
"Oregon","1998","3,352,449"
"Oregon","1999","3,393,941"
"Oregon","2000","3,429,708"
"Oregon","2001","3,467,937"
"Oregon","2002","3,513,424"
"Oregon","2003","3,547,376"
"Oregon","2004","3,569,463"
"Oregon","2005","3,613,202"
"Oregon","2006","3,670,883"
"Oregon","2007","3,722,417"
"Oregon","2008","3,768,748"
"Oregon","2009","3,808,600"
"Pennsylvania","1991","11,982,164"
"Pennsylvania","1992","12,049,450"
"Pennsylvania","1993","12,119,724"
"Pennsylvania","1994","12,166,050"
"Pennsylvania","1995","12,198,403"
"Pennsylvania","1996","12,220,464"
"Pennsylvania","1997","12,227,814"
"Pennsylvania","1998","12,245,672"
"Pennsylvania","1999","12,263,805"
"Pennsylvania","2000","12,284,173"
"Pennsylvania","2001","12,298,970"
"Pennsylvania","2002","12,331,031"
"Pennsylvania","2003","12,374,658"
"Pennsylvania","2004","12,410,722"
"Pennsylvania","2005","12,449,990"
"Pennsylvania","2006","12,510,809"
"Pennsylvania","2007","12,563,937"
"Pennsylvania","2008","12,612,285"
"Pennsylvania","2009","12,666,858"
"Rhode Island","1991","1,010,649"
"Rhode Island","1992","1,012,581"
"Rhode Island","1993","1,015,112"
"Rhode Island","1994","1,015,960"
"Rhode Island","1995","1,017,002"
"Rhode Island","1996","1,020,893"
"Rhode Island","1997","1,025,353"
"Rhode Island","1998","1,031,155"
"Rhode Island","1999","1,040,402"
"Rhode Island","2000","1,050,268"
"Rhode Island","2001","1,057,142"
"Rhode Island","2002","1,065,995"
"Rhode Island","2003","1,071,342"
"Rhode Island","2004","1,074,579"
"Rhode Island","2005","1,067,916"
"Rhode Island","2006","1,063,096"
"Rhode Island","2007","1,057,315"
"Rhode Island","2008","1,055,003"
"Rhode Island","2009","1,053,646"
"South Carolina","1991","3,570,404"
"South Carolina","1992","3,620,464"
"South Carolina","1993","3,663,314"
"South Carolina","1994","3,705,397"
"South Carolina","1995","3,748,582"
"South Carolina","1996","3,796,200"
"South Carolina","1997","3,859,696"
"South Carolina","1998","3,919,235"
"South Carolina","1999","3,974,682"
"South Carolina","2000","4,024,223"
"South Carolina","2001","4,064,995"
"South Carolina","2002","4,107,795"
"South Carolina","2003","4,150,297"
"South Carolina","2004","4,210,921"
"South Carolina","2005","4,270,150"
"South Carolina","2006","4,357,847"
"South Carolina","2007","4,444,110"
"South Carolina","2008","4,528,996"
"South Carolina","2009","4,589,872"
"South Dakota","1991","703,669"
"South Dakota","1992","712,801"
"South Dakota","1993","722,159"
"South Dakota","1994","730,790"
"South Dakota","1995","737,925"
"South Dakota","1996","742,213"
"South Dakota","1997","744,223"
"South Dakota","1998","746,058"
"South Dakota","1999","750,412"
"South Dakota","2000","755,844"
"South Dakota","2001","757,972"
"South Dakota","2002","760,020"
"South Dakota","2003","763,729"
"South Dakota","2004","770,396"
"South Dakota","2005","775,493"
"South Dakota","2006","783,033"
"South Dakota","2007","791,623"
"South Dakota","2008","799,124"
"South Dakota","2009","807,067"
"Tennessee","1991","4,966,587"
"Tennessee","1992","5,049,742"
"Tennessee","1993","5,137,584"
"Tennessee","1994","5,231,438"
"Tennessee","1995","5,326,936"
"Tennessee","1996","5,416,643"
"Tennessee","1997","5,499,233"
"Tennessee","1998","5,570,045"
"Tennessee","1999","5,638,706"
"Tennessee","2000","5,703,719"
"Tennessee","2001","5,750,789"
"Tennessee","2002","5,795,918"
"Tennessee","2003","5,847,812"
"Tennessee","2004","5,910,809"
"Tennessee","2005","5,991,057"
"Tennessee","2006","6,088,766"
"Tennessee","2007","6,175,727"
"Tennessee","2008","6,247,411"
"Tennessee","2009","6,306,019"
"Texas","1991","17,398,005"
"Texas","1992","17,759,738"
"Texas","1993","18,161,612"
"Texas","1994","18,564,062"
"Texas","1995","18,958,751"
"Texas","1996","19,340,342"
"Texas","1997","19,740,317"
"Texas","1998","20,157,531"
"Texas","1999","20,558,220"
"Texas","2000","20,944,499"
"Texas","2001","21,319,622"
"Texas","2002","21,690,325"
"Texas","2003","22,030,931"
"Texas","2004","22,394,023"
"Texas","2005","22,778,123"
"Texas","2006","23,359,580"
"Texas","2007","23,831,983"
"Texas","2008","24,309,039"
"Texas","2009","24,801,761"
"Utah","1991","1,779,780"
"Utah","1992","1,836,799"
"Utah","1993","1,898,404"
"Utah","1994","1,960,446"
"Utah","1995","2,014,177"
"Utah","1996","2,067,976"
"Utah","1997","2,119,784"
"Utah","1998","2,165,960"
"Utah","1999","2,203,482"
"Utah","2000","2,244,502"
"Utah","2001","2,283,715"
"Utah","2002","2,324,815"
"Utah","2003","2,360,137"
"Utah","2004","2,401,580"
"Utah","2005","2,457,719"
"Utah","2006","2,525,507"
"Utah","2007","2,597,746"
"Utah","2008","2,663,029"
"Utah","2009","2,723,421"
"Vermont","1991","568,606"
"Vermont","1992","572,751"
"Vermont","1993","577,748"
"Vermont","1994","583,836"
"Vermont","1995","589,002"
"Vermont","1996","593,701"
"Vermont","1997","597,239"
"Vermont","1998","600,416"
"Vermont","1999","604,683"
"Vermont","2000","609,618"
"Vermont","2001","612,223"
"Vermont","2002","615,442"
"Vermont","2003","617,858"
"Vermont","2004","619,920"
"Vermont","2005","621,215"
"Vermont","2006","622,892"
"Vermont","2007","623,481"
"Vermont","2008","624,151"
"Vermont","2009","624,817"
"Virginia","1991","6,301,217"
"Virginia","1992","6,414,307"
"Virginia","1993","6,509,630"
"Virginia","1994","6,593,139"
"Virginia","1995","6,670,693"
"Virginia","1996","6,750,884"
"Virginia","1997","6,829,183"
"Virginia","1998","6,900,918"
"Virginia","1999","7,000,174"
"Virginia","2000","7,105,817"
"Virginia","2001","7,198,362"
"Virginia","2002","7,286,873"
"Virginia","2003","7,366,977"
"Virginia","2004","7,475,575"
"Virginia","2005","7,577,105"
"Virginia","2006","7,673,725"
"Virginia","2007","7,751,000"
"Virginia","2008","7,833,496"
"Virginia","2009","7,925,937"
"Washington","1991","5,025,624"
"Washington","1992","5,160,757"
"Washington","1993","5,278,842"
"Washington","1994","5,375,161"
"Washington","1995","5,481,027"
"Washington","1996","5,569,753"
"Washington","1997","5,674,747"
"Washington","1998","5,769,562"
"Washington","1999","5,842,564"
"Washington","2000","5,910,512"
"Washington","2001","5,985,722"
"Washington","2002","6,052,349"
"Washington","2003","6,104,115"
"Washington","2004","6,178,645"
"Washington","2005","6,257,305"
"Washington","2006","6,370,753"
"Washington","2007","6,461,587"
"Washington","2008","6,562,231"
"Washington","2009","6,667,426"
"West Virginia","1991","1,798,735"
"West Virginia","1992","1,806,451"
"West Virginia","1993","1,817,539"
"West Virginia","1994","1,820,421"
"West Virginia","1995","1,823,700"
"West Virginia","1996","1,822,808"
"West Virginia","1997","1,819,113"
"West Virginia","1998","1,815,609"
"West Virginia","1999","1,811,799"
"West Virginia","2000","1,807,021"
"West Virginia","2001","1,801,481"
"West Virginia","2002","1,805,414"
"West Virginia","2003","1,812,295"
"West Virginia","2004","1,816,438"
"West Virginia","2005","1,820,492"
"West Virginia","2006","1,827,912"
"West Virginia","2007","1,834,052"
"West Virginia","2008","1,840,310"
"West Virginia","2009","1,847,775"
"Wisconsin","1991","4,964,343"
"Wisconsin","1992","5,025,398"
"Wisconsin","1993","5,084,889"
"Wisconsin","1994","5,133,678"
"Wisconsin","1995","5,184,836"
"Wisconsin","1996","5,229,986"
"Wisconsin","1997","5,266,213"
"Wisconsin","1998","5,297,672"
"Wisconsin","1999","5,332,666"
"Wisconsin","2000","5,373,999"
"Wisconsin","2001","5,406,835"
"Wisconsin","2002","5,445,162"
"Wisconsin","2003","5,479,203"
"Wisconsin","2004","5,514,026"
"Wisconsin","2005","5,546,166"
"Wisconsin","2006","5,577,655"
"Wisconsin","2007","5,610,775"
"Wisconsin","2008","5,640,996"
"Wisconsin","2009","5,669,264"
"Wyoming","1991","459,260"
"Wyoming","1992","466,251"
"Wyoming","1993","473,081"
"Wyoming","1994","480,283"
"Wyoming","1995","485,160"
"Wyoming","1996","488,167"
"Wyoming","1997","489,451"
"Wyoming","1998","490,787"
"Wyoming","1999","491,780"
"Wyoming","2000","494,300"
"Wyoming","2001","494,657"
"Wyoming","2002","500,017"
"Wyoming","2003","503,453"
"Wyoming","2004","509,106"
"Wyoming","2005","514,157"
"Wyoming","2006","522,667"
"Wyoming","2007","534,876"
"Wyoming","2008","546,043"
"Wyoming","2009","559,851"
"New England","1991","13,247,630"
"New England","1992","13,271,045"
"New England","1993","13,334,364"
"New England","1994","13,396,380"
"New England","1995","13,472,634"
"New England","1996","13,554,814"
"New England","1997","13,642,197"
"New England","1998","13,733,828"
"New England","1999","13,837,653"
"New England","2000","13,949,721"
"New England","2001","14,041,043"
"New England","2002","14,122,441"
"New England","2003","14,182,454"
"New England","2004","14,206,683"
"New England","2005","14,216,656"
"New England","2006","14,245,540"
"New England","2007","14,279,205"
"New England","2008","14,340,115"
"New England","2009","14,403,575"
"Mideast","1991","44,070,941"
"Mideast","1992","44,392,469"
"Mideast","1993","44,717,161"
"Mideast","1994","44,969,670"
"Mideast","1995","45,186,033"
"Mideast","1996","45,383,860"
"Mideast","1997","45,579,719"
"Mideast","1998","45,822,025"
"Mideast","1999","46,105,834"
"Mideast","2000","46,386,027"
"Mideast","2001","46,619,373"
"Mideast","2002","46,841,190"
"Mideast","2003","47,034,773"
"Mideast","2004","47,162,342"
"Mideast","2005","47,239,239"
"Mideast","2006","47,334,435"
"Mideast","2007","47,473,718"
"Mideast","2008","47,684,886"
"Mideast","2009","47,943,872"
"Great Lakes","1991","42,495,903"
"Great Lakes","1992","42,902,625"
"Great Lakes","1993","43,274,741"
"Great Lakes","1994","43,589,980"
"Great Lakes","1995","43,923,694"
"Great Lakes","1996","44,239,468"
"Great Lakes","1997","44,493,603"
"Great Lakes","1998","44,727,877"
"Great Lakes","1999","44,969,225"
"Great Lakes","2000","45,216,019"
"Great Lakes","2001","45,401,564"
"Great Lakes","2002","45,550,284"
"Great Lakes","2003","45,707,787"
"Great Lakes","2004","45,844,372"
"Great Lakes","2005","45,949,142"
"Great Lakes","2006","46,071,573"
"Great Lakes","2007","46,187,992"
"Great Lakes","2008","46,275,120"
"Great Lakes","2009","46,355,854"
"Plains","1991","17,843,335"
"Plains","1992","18,026,179"
"Plains","1993","18,209,613"
"Plains","1994","18,380,746"
"Plains","1995","18,549,556"
"Plains","1996","18,705,269"
"Plains","1997","18,851,351"
"Plains","1998","18,988,053"
"Plains","1999","19,130,836"
"Plains","2000","19,275,412"
"Plains","2001","19,374,967"
"Plains","2002","19,468,009"
"Plains","2003","19,569,167"
"Plains","2004","19,687,933"
"Plains","2005","19,802,730"
"Plains","2006","19,956,982"
"Plains","2007","20,105,697"
"Plains","2008","20,248,815"
"Plains","2009","20,392,583"
"Southeast","1991","60,500,666"
"Southeast","1992","61,508,138"
"Southeast","1993","62,530,549"
"Southeast","1994","63,574,211"
"Southeast","1995","64,601,937"
"Southeast","1996","65,611,342"
"Southeast","1997","66,655,300"
"Southeast","1998","67,626,581"
"Southeast","1999","68,569,381"
"Southeast","2000","69,497,232"
"Southeast","2001","70,317,959"
"Southeast","2002","71,151,666"
"Southeast","2003","71,961,591"
"Southeast","2004","73,019,229"
"Southeast","2005","74,148,386"
"Southeast","2006","75,065,947"
"Southeast","2007","76,122,849"
"Southeast","2008","77,057,840"
"Southeast","2009","77,814,936"
"Southwest","1991","25,917,326"
"Southwest","1992","26,491,437"
"Southwest","1993","27,115,790"
"Southwest","1994","27,772,489"
"Southwest","1995","28,419,852"
"Southwest","1996","29,019,737"
"Southwest","1997","29,625,063"
"Southwest","1998","30,239,551"
"Southwest","1999","30,827,272"
"Southwest","2000","31,380,654"
"Southwest","2001","31,891,889"
"Southwest","2002","32,430,969"
"Southwest","2003","32,923,761"
"Southwest","2004","33,475,468"
"Southwest","2005","34,098,071"
"Southwest","2006","34,944,948"
"Southwest","2007","35,624,083"
"Southwest","2008","36,269,039"
"Southwest","2009","36,899,289"
"Rocky Mountain","1991","7,477,155"
"Rocky Mountain","1992","7,696,444"
"Rocky Mountain","1993","7,938,748"
"Rocky Mountain","1994","8,171,343"
"Rocky Mountain","1995","8,379,865"
"Rocky Mountain","1996","8,565,452"
"Rocky Mountain","1997","8,745,913"
"Rocky Mountain","1998","8,918,147"
"Rocky Mountain","1999","9,094,461"
"Rocky Mountain","2000","9,268,926"
"Rocky Mountain","2001","9,430,982"
"Rocky Mountain","2002","9,567,277"
"Rocky Mountain","2003","9,675,332"
"Rocky Mountain","2004","9,807,510"
"Rocky Mountain","2005","9,972,107"
"Rocky Mountain","2006","10,189,958"
"Rocky Mountain","2007","10,406,301"
"Rocky Mountain","2008","10,609,537"
"Rocky Mountain","2009","10,793,888"
"Far West","1991","41,427,985"
"Far West","1992","42,225,887"
"Far West","1993","42,797,622"
"Far West","1994","43,271,002"
"Far West","1995","43,744,822"
"Far West","1996","44,314,342"
"Far West","1997","45,053,779"
"Far West","1998","45,798,042"
"Far West","1999","46,505,506"
"Far West","2000","47,188,420"
"Far West","2001","47,891,178"
"Far West","2002","48,493,357"
"Far West","2003","49,053,068"
"Far West","2004","49,601,761"
"Far West","2005","50,090,268"
"Far West","2006","50,570,529"
"Far West","2007","51,031,362"
"Far West","2008","51,608,614"
"Far West","2009","52,167,532"
"","1991",""
"","1992",""
"","1993",""
"","1994",""
"","1995",""
"","1996",""
"","1997",""
"","1998",""
"","1999",""
"","2000",""
"","2001",""
"","2002",""
"","2003",""
"","2004",""
"","2005",""
"","2006",""
"","2007",""
"","2008",""
"","2009",""
"","1991",""
"","1992",""
"","1993",""
"","1994",""
"","1995",""
"","1996",""
"","1997",""
"","1998",""
"","1999",""
"","2000",""
"","2001",""
"","2002",""
"","2003",""
"","2004",""
"","2005",""
"","2006",""
"","2007",""
"","2008",""
"","2009",""
"","1991",""
"","1992",""
"","1993",""
"","1994",""
"","1995",""
"","1996",""
"","1997",""
"","1998",""
"","1999",""
"","2000",""
"","2001",""
"","2002",""
"","2003",""
"","2004",""
"","2005",""
"","2006",""
"","2007",""
"","2008",""
"","2009",""
"","1991",""
"","1992",""
"","1993",""
"","1994",""
"","1995",""
"","1996",""
"","1997",""
"","1998",""
"","1999",""
"","2000",""
"","2001",""
"","2002",""
"","2003",""
"","2004",""
"","2005",""
"","2006",""
"","2007",""
"","2008",""
"","2009",""
"Alabama","2010","4,785,514"
"Alabama","2011","4,799,642"
"Alabama","2012","4,816,632"
"Alabama","2013","4,831,586"
"Alabama","2014","4,843,737"
"Alabama","2015","4,854,803"
"Alabama","2016","4,866,824"
"Alabama","2017","4,877,989"
"Alabama","2018","4,891,628"
"Alabama","2019","4,907,965"
"Alaska","2010","713,982"
"Alaska","2011","722,349"
"Alaska","2012","730,810"
"Alaska","2013","737,626"
"Alaska","2014","737,075"
"Alaska","2015","738,430"
"Alaska","2016","742,575"
"Alaska","2017","740,983"
"Alaska","2018","736,624"
"Alaska","2019","733,603"
"Arizona","2010","6,407,342"
"Arizona","2011","6,473,416"
"Arizona","2012","6,556,344"
"Arizona","2013","6,634,690"
"Arizona","2014","6,732,873"
"Arizona","2015","6,832,810"
"Arizona","2016","6,944,767"
"Arizona","2017","7,048,088"
"Arizona","2018","7,164,228"
"Arizona","2019","7,291,843"
"Arkansas","2010","2,921,998"
"Arkansas","2011","2,941,038"
"Arkansas","2012","2,952,876"
"Arkansas","2013","2,960,459"
"Arkansas","2014","2,968,759"
"Arkansas","2015","2,979,732"
"Arkansas","2016","2,991,815"
"Arkansas","2017","3,003,855"
"Arkansas","2018","3,012,161"
"Arkansas","2019","3,020,985"
"California","2010","37,319,550"
"California","2011","37,636,311"
"California","2012","37,944,551"
"California","2013","38,253,768"
"California","2014","38,586,706"
"California","2015","38,904,296"
"California","2016","39,149,186"
"California","2017","39,337,785"
"California","2018","39,437,463"
"California","2019","39,437,610"
"Colorado","2010","5,047,539"
"Colorado","2011","5,121,900"
"Colorado","2012","5,193,660"
"Colorado","2013","5,270,774"
"Colorado","2014","5,352,637"
"Colorado","2015","5,454,328"
"Colorado","2016","5,543,844"
"Colorado","2017","5,617,421"
"Colorado","2018","5,697,155"
"Colorado","2019","5,758,486"
"Connecticut","2010","3,579,173"
"Connecticut","2011","3,588,632"
"Connecticut","2012","3,595,211"
"Connecticut","2013","3,595,792"
"Connecticut","2014","3,595,697"
"Connecticut","2015","3,588,561"
"Connecticut","2016","3,579,830"
"Connecticut","2017","3,575,324"
"Connecticut","2018","3,574,561"
"Connecticut","2019","3,566,022"
"Delaware","2010","899,647"
"Delaware","2011","907,590"
"Delaware","2012","915,518"
"Delaware","2013","924,062"
"Delaware","2014","933,131"
"Delaware","2015","942,065"
"Delaware","2016","949,989"
"Delaware","2017","957,942"
"Delaware","2018","966,985"
"Delaware","2019","976,668"
"District of Columbia","2010","605,282"
"District of Columbia","2011","620,290"
"District of Columbia","2012","635,737"
"District of Columbia","2013","651,559"
"District of Columbia","2014","663,603"
"District of Columbia","2015","677,014"
"District of Columbia","2016","687,576"
"District of Columbia","2017","697,079"
"District of Columbia","2018","704,147"
"District of Columbia","2019","708,253"
"Florida","2010","18,846,143"
"Florida","2011","19,055,607"
"Florida","2012","19,302,016"
"Florida","2013","19,551,678"
"Florida","2014","19,853,880"
"Florida","2015","20,219,111"
"Florida","2016","20,627,237"
"Florida","2017","20,977,089"
"Florida","2018","21,254,926"
"Florida","2019","21,492,056"
"Georgia","2010","9,712,209"
"Georgia","2011","9,803,630"
"Georgia","2012","9,903,580"
"Georgia","2013","9,975,592"
"Georgia","2014","10,071,204"
"Georgia","2015","10,183,353"
"Georgia","2016","10,308,442"
"Georgia","2017","10,417,031"
"Georgia","2018","10,519,389"
"Georgia","2019","10,628,020"
"Hawaii","2010","1,364,004"
"Hawaii","2011","1,379,562"
"Hawaii","2012","1,395,199"
"Hawaii","2013","1,408,822"
"Hawaii","2014","1,415,335"
"Hawaii","2015","1,422,999"
"Hawaii","2016","1,428,885"
"Hawaii","2017","1,425,763"
"Hawaii","2018","1,423,102"
"Hawaii","2019","1,415,615"
"Idaho","2010","1,570,819"
"Idaho","2011","1,584,272"
"Idaho","2012","1,595,910"
"Idaho","2013","1,612,053"
"Idaho","2014","1,632,248"
"Idaho","2015","1,652,495"
"Idaho","2016","1,684,036"
"Idaho","2017","1,719,745"
"Idaho","2018","1,752,074"
"Idaho","2019","1,789,060"
"Illinois","2010","12,840,545"
"Illinois","2011","12,867,783"
"Illinois","2012","12,883,029"
"Illinois","2013","12,895,778"
"Illinois","2014","12,885,092"
"Illinois","2015","12,859,585"
"Illinois","2016","12,821,709"
"Illinois","2017","12,779,893"
"Illinois","2018","12,724,685"
"Illinois","2019","12,667,017"
"Indiana","2010","6,490,555"
"Indiana","2011","6,517,250"
"Indiana","2012","6,538,989"
"Indiana","2013","6,570,575"
"Indiana","2014","6,596,019"
"Indiana","2015","6,611,442"
"Indiana","2016","6,637,898"
"Indiana","2017","6,662,068"
"Indiana","2018","6,698,481"
"Indiana","2019","6,731,010"
"Iowa","2010","3,050,819"
"Iowa","2011","3,066,772"
"Iowa","2012","3,076,844"
"Iowa","2013","3,093,935"
"Iowa","2014","3,110,643"
"Iowa","2015","3,122,541"
"Iowa","2016","3,133,210"
"Iowa","2017","3,143,734"
"Iowa","2018","3,149,900"
"Iowa","2019","3,159,596"
"Kansas","2010","2,858,266"
"Kansas","2011","2,869,677"
"Kansas","2012","2,886,024"
"Kansas","2013","2,894,306"
"Kansas","2014","2,901,861"
"Kansas","2015","2,910,717"
"Kansas","2016","2,912,977"
"Kansas","2017","2,910,892"
"Kansas","2018","2,912,748"
"Kansas","2019","2,912,635"
"Kentucky","2010","4,348,464"
"Kentucky","2011","4,370,817"
"Kentucky","2012","4,387,865"
"Kentucky","2013","4,406,906"
"Kentucky","2014","4,416,992"
"Kentucky","2015","4,429,126"
"Kentucky","2016","4,440,306"
"Kentucky","2017","4,455,590"
"Kentucky","2018","4,464,273"
"Kentucky","2019","4,472,345"
"Louisiana","2010","4,544,635"
"Louisiana","2011","4,576,244"
"Louisiana","2012","4,602,067"
"Louisiana","2013","4,626,040"
"Louisiana","2014","4,645,938"
"Louisiana","2015","4,666,998"
"Louisiana","2016","4,681,346"
"Louisiana","2017","4,673,673"
"Louisiana","2018","4,664,450"
"Louisiana","2019","4,658,285"
"Maine","2010","1,327,651"
"Maine","2011","1,328,473"
"Maine","2012","1,328,094"
"Maine","2013","1,328,543"
"Maine","2014","1,331,217"
"Maine","2015","1,329,098"
"Maine","2016","1,332,348"
"Maine","2017","1,335,743"
"Maine","2018","1,340,123"
"Maine","2019","1,345,770"
"Maryland","2010","5,788,784"
"Maryland","2011","5,840,241"
"Maryland","2012","5,888,375"
"Maryland","2013","5,925,197"
"Maryland","2014","5,960,064"
"Maryland","2015","5,988,528"
"Maryland","2016","6,007,014"
"Maryland","2017","6,028,186"
"Maryland","2018","6,042,153"
"Maryland","2019","6,054,954"
"Massachusetts","2010","6,566,440"
"Massachusetts","2011","6,614,218"
"Massachusetts","2012","6,664,269"
"Massachusetts","2013","6,715,158"
"Massachusetts","2014","6,764,864"
"Massachusetts","2015","6,797,484"
"Massachusetts","2016","6,827,280"
"Massachusetts","2017","6,863,560"
"Massachusetts","2018","6,885,720"
"Massachusetts","2019","6,894,883"
"Michigan","2010","9,877,597"
"Michigan","2011","9,883,053"
"Michigan","2012","9,898,289"
"Michigan","2013","9,914,802"
"Michigan","2014","9,932,033"
"Michigan","2015","9,934,483"
"Michigan","2016","9,954,117"
"Michigan","2017","9,976,752"
"Michigan","2018","9,987,286"
"Michigan","2019","9,984,795"
"Minnesota","2010","5,310,934"
"Minnesota","2011","5,346,620"
"Minnesota","2012","5,377,500"
"Minnesota","2013","5,414,722"
"Minnesota","2014","5,452,665"
"Minnesota","2015","5,484,002"
"Minnesota","2016","5,525,360"
"Minnesota","2017","5,569,283"
"Minnesota","2018","5,608,762"
"Minnesota","2019","5,640,053"
"Mississippi","2010","2,970,615"
"Mississippi","2011","2,979,147"
"Mississippi","2012","2,984,599"
"Mississippi","2013","2,989,839"
"Mississippi","2014","2,991,892"
"Mississippi","2015","2,990,231"
"Mississippi","2016","2,990,595"
"Mississippi","2017","2,990,674"
"Mississippi","2018","2,982,879"
"Mississippi","2019","2,978,227"
"Missouri","2010","5,996,089"
"Missouri","2011","6,011,182"
"Missouri","2012","6,026,027"
"Missouri","2013","6,042,989"
"Missouri","2014","6,059,130"
"Missouri","2015","6,075,411"
"Missouri","2016","6,091,384"
"Missouri","2017","6,111,382"
"Missouri","2018","6,125,986"
"Missouri","2019","6,140,475"
"Montana","2010","990,730"
"Montana","2011","997,518"
"Montana","2012","1,004,168"
"Montana","2013","1,014,158"
"Montana","2014","1,022,657"
"Montana","2015","1,031,495"
"Montana","2016","1,042,137"
"Montana","2017","1,053,862"
"Montana","2018","1,061,818"
"Montana","2019","1,070,123"
"Nebraska","2010","1,829,591"
"Nebraska","2011","1,840,914"
"Nebraska","2012","1,853,691"
"Nebraska","2013","1,865,813"
"Nebraska","2014","1,879,955"
"Nebraska","2015","1,892,059"
"Nebraska","2016","1,906,483"
"Nebraska","2017","1,916,998"
"Nebraska","2018","1,925,512"
"Nebraska","2019","1,932,571"
"Nevada","2010","2,702,483"
"Nevada","2011","2,713,114"
"Nevada","2012","2,744,670"
"Nevada","2013","2,776,956"
"Nevada","2014","2,818,935"
"Nevada","2015","2,868,531"
"Nevada","2016","2,919,555"
"Nevada","2017","2,972,097"
"Nevada","2018","3,030,725"
"Nevada","2019","3,090,771"
"New Hampshire","2010","1,316,807"
"New Hampshire","2011","1,320,444"
"New Hampshire","2012","1,324,677"
"New Hampshire","2013","1,327,272"
"New Hampshire","2014","1,334,257"
"New Hampshire","2015","1,337,480"
"New Hampshire","2016","1,343,694"
"New Hampshire","2017","1,350,395"
"New Hampshire","2018","1,355,064"
"New Hampshire","2019","1,360,783"
"New Jersey","2010","8,799,451"
"New Jersey","2011","8,828,552"
"New Jersey","2012","8,845,671"
"New Jersey","2013","8,857,821"
"New Jersey","2014","8,867,277"
"New Jersey","2015","8,870,312"
"New Jersey","2016","8,873,584"
"New Jersey","2017","8,888,147"
"New Jersey","2018","8,891,730"
"New Jersey","2019","8,891,258"
"New Mexico","2010","2,064,614"
"New Mexico","2011","2,080,707"
"New Mexico","2012","2,087,715"
"New Mexico","2013","2,092,833"
"New Mexico","2014","2,090,236"
"New Mexico","2015","2,090,071"
"New Mexico","2016","2,092,555"
"New Mexico","2017","2,092,844"
"New Mexico","2018","2,093,754"
"New Mexico","2019","2,099,634"
"New York","2010","19,399,956"
"New York","2011","19,499,921"
"New York","2012","19,574,362"
"New York","2013","19,626,488"
"New York","2014","19,653,431"
"New York","2015","19,657,321"
"New York","2016","19,636,391"
"New York","2017","19,593,849"
"New York","2018","19,544,098"
"New York","2019","19,463,131"
"North Carolina","2010","9,574,586"
"North Carolina","2011","9,658,913"
"North Carolina","2012","9,751,810"
"North Carolina","2013","9,846,717"
"North Carolina","2014","9,937,295"
"North Carolina","2015","10,037,218"
"North Carolina","2016","10,161,802"
"North Carolina","2017","10,275,758"
"North Carolina","2018","10,391,358"
"North Carolina","2019","10,501,384"
"North Dakota","2010","674,752"
"North Dakota","2011","685,526"
"North Dakota","2012","702,227"
"North Dakota","2013","723,149"
"North Dakota","2014","738,736"
"North Dakota","2015","755,537"
"North Dakota","2016","756,114"
"North Dakota","2017","756,755"
"North Dakota","2018","760,062"
"North Dakota","2019","763,724"
"Ohio","2010","11,539,449"
"Ohio","2011","11,545,735"
"Ohio","2012","11,550,971"
"Ohio","2013","11,579,692"
"Ohio","2014","11,606,573"
"Ohio","2015","11,622,315"
"Ohio","2016","11,640,060"
"Ohio","2017","11,665,706"
"Ohio","2018","11,680,892"
"Ohio","2019","11,696,507"
"Oklahoma","2010","3,760,014"
"Oklahoma","2011","3,788,824"
"Oklahoma","2012","3,819,320"
"Oklahoma","2013","3,853,891"
"Oklahoma","2014","3,879,187"
"Oklahoma","2015","3,910,518"
"Oklahoma","2016","3,928,143"
"Oklahoma","2017","3,933,602"
"Oklahoma","2018","3,943,488"
"Oklahoma","2019","3,960,676"
"Oregon","2010","3,837,614"
"Oregon","2011","3,872,672"
"Oregon","2012","3,900,102"
"Oregon","2013","3,924,110"
"Oregon","2014","3,965,447"
"Oregon","2015","4,018,542"
"Oregon","2016","4,093,271"
"Oregon","2017","4,147,294"
"Oregon","2018","4,183,538"
"Oregon","2019","4,216,116"
"Pennsylvania","2010","12,711,406"
"Pennsylvania","2011","12,747,052"
"Pennsylvania","2012","12,769,123"
"Pennsylvania","2013","12,779,538"
"Pennsylvania","2014","12,792,392"
"Pennsylvania","2015","12,789,838"
"Pennsylvania","2016","12,788,468"
"Pennsylvania","2017","12,794,679"
"Pennsylvania","2018","12,809,107"
"Pennsylvania","2019","12,798,883"
"Rhode Island","2010","1,053,994"
"Rhode Island","2011","1,053,829"
"Rhode Island","2012","1,054,893"
"Rhode Island","2013","1,055,560"
"Rhode Island","2014","1,056,511"
"Rhode Island","2015","1,056,886"
"Rhode Island","2016","1,057,816"
"Rhode Island","2017","1,056,554"
"Rhode Island","2018","1,059,338"
"Rhode Island","2019","1,058,158"
"South Carolina","2010","4,635,846"
"South Carolina","2011","4,672,655"
"South Carolina","2012","4,719,027"
"South Carolina","2013","4,766,469"
"South Carolina","2014","4,826,858"
"South Carolina","2015","4,896,006"
"South Carolina","2016","4,963,031"
"South Carolina","2017","5,027,102"
"South Carolina","2018","5,091,702"
"South Carolina","2019","5,157,702"
"South Dakota","2010","816,193"
"South Dakota","2011","823,740"
"South Dakota","2012","833,859"
"South Dakota","2013","842,751"
"South Dakota","2014","849,670"
"South Dakota","2015","854,663"
"South Dakota","2016","863,693"
"South Dakota","2017","873,732"
"South Dakota","2018","879,386"
"South Dakota","2019","887,127"
"Tennessee","2010","6,355,518"
"Tennessee","2011","6,400,298"
"Tennessee","2012","6,455,752"
"Tennessee","2013","6,496,943"
"Tennessee","2014","6,544,617"
"Tennessee","2015","6,595,354"
"Tennessee","2016","6,651,277"
"Tennessee","2017","6,714,748"
"Tennessee","2018","6,778,180"
"Tennessee","2019","6,830,325"
"Texas","2010","25,241,897"
"Texas","2011","25,645,504"
"Texas","2012","26,084,120"
"Texas","2013","26,479,646"
"Texas","2014","26,963,092"
"Texas","2015","27,468,531"
"Texas","2016","27,914,064"
"Texas","2017","28,291,024"
"Texas","2018","28,624,564"
"Texas","2019","28,986,794"
"Utah","2010","2,775,413"
"Utah","2011","2,814,797"
"Utah","2012","2,854,146"
"Utah","2013","2,898,773"
"Utah","2014","2,938,327"
"Utah","2015","2,983,626"
"Utah","2016","3,044,241"
"Utah","2017","3,103,540"
"Utah","2018","3,155,153"
"Utah","2019","3,203,383"
"Vermont","2010","625,886"
"Vermont","2011","627,197"
"Vermont","2012","626,361"
"Vermont","2013","626,603"
"Vermont","2014","625,693"
"Vermont","2015","625,810"
"Vermont","2016","624,366"
"Vermont","2017","625,132"
"Vermont","2018","624,802"
"Vermont","2019","624,046"
"Virginia","2010","8,024,004"
"Virginia","2011","8,102,437"
"Virginia","2012","8,187,456"
"Virginia","2013","8,255,861"
"Virginia","2014","8,315,430"
"Virginia","2015","8,367,303"
"Virginia","2016","8,417,651"
"Virginia","2017","8,471,011"
"Virginia","2018","8,510,920"
"Virginia","2019","8,556,642"
"Washington","2010","6,743,009"
"Washington","2011","6,827,479"
"Washington","2012","6,898,599"
"Washington","2013","6,966,252"
"Washington","2014","7,057,531"
"Washington","2015","7,167,287"
"Washington","2016","7,299,961"
"Washington","2017","7,427,951"
"Washington","2018","7,526,793"
"Washington","2019","7,614,024"
"West Virginia","2010","1,854,265"
"West Virginia","2011","1,856,606"
"West Virginia","2012","1,857,446"
"West Virginia","2013","1,854,768"
"West Virginia","2014","1,850,569"
"West Virginia","2015","1,843,332"
"West Virginia","2016","1,832,435"
"West Virginia","2017","1,818,683"
"West Virginia","2018","1,805,953"
"West Virginia","2019","1,795,263"
"Wisconsin","2010","5,690,538"
"Wisconsin","2011","5,705,840"
"Wisconsin","2012","5,720,825"
"Wisconsin","2013","5,738,012"
"Wisconsin","2014","5,753,199"
"Wisconsin","2015","5,762,927"
"Wisconsin","2016","5,775,170"
"Wisconsin","2017","5,793,147"
"Wisconsin","2018","5,809,319"
"Wisconsin","2019","5,824,581"
"Wyoming","2010","564,531"
"Wyoming","2011","567,491"
"Wyoming","2012","576,656"
"Wyoming","2013","582,620"
"Wyoming","2014","583,159"
"Wyoming","2015","586,389"
"Wyoming","2016","585,243"
"Wyoming","2017","579,994"
"Wyoming","2018","579,054"
"Wyoming","2019","580,116"
"","2010",""
"","2011",""
"","2012",""
"","2013",""
"","2014",""
"","2015",""
"","2016",""
"","2017",""
"","2018",""
"","2019",""
"Puerto Rico*","2010","3,721,525"
"Puerto Rico*","2011","3,678,732"
"Puerto Rico*","2012","3,634,488"
"Puerto Rico*","2013","3,593,077"
"Puerto Rico*","2014","3,534,874"
"Puerto Rico*","2015","3,473,232"
"Puerto Rico*","2016","3,406,672"
"Puerto Rico*","2017","3,325,286"
"Puerto Rico*","2018","3,193,354"
"Puerto Rico*","2019","3,193,694"
"","2010",""
"","2011",""
"","2012",""
"","2013",""
"","2014",""
"","2015",""
"","2016",""
"","2017",""
"","2018",""
"","2019",""
"","2010",""
"","2011",""
"","2012",""
"","2013",""
"","2014",""
"","2015",""
"","2016",""
"","2017",""
"","2018",""
"","2019",""
"","2010",""
"","2011",""
"","2012",""
"","2013",""
"","2014",""
"","2015",""
"","2016",""
"","2017",""
"","2018",""
"","2019",""
"","2010",""
"","2011",""
"","2012",""
"","2013",""
"","2014",""
"","2015",""
"","2016",""
"","2017",""
"","2018",""
"","2019",""
"","2010",""
"","2011",""
"","2012",""
"","2013",""
"","2014",""
"","2015",""
"","2016",""
"","2017",""
"","2018",""
"","2019",""
"","2010",""
"","2011",""
"","2012",""
"","2013",""
"","2014",""
"","2015",""
"","2016",""
"","2017",""
"","2018",""
"","2019",""
"","2010",""
"","2011",""
"","2012",""
"","2013",""
"","2014",""
"","2015",""
"","2016",""
"","2017",""
"","2018",""
"","2019",""
"","2010",""
"","2011",""
"","2012",""
"","2013",""
"","2014",""
"","2015",""
"","2016",""
"","2017",""
"","2018",""
"","2019",""
"","2010",""
"","2011",""
"","2012",""
"","2013",""
"","2014",""
"","2015",""
"","2016",""
"","2017",""
"","2018",""
"","2019",""
"","2010",""
"","2011",""
"","2012",""
"","2013",""
"","2014",""
"","2015",""
"","2016",""
"","2017",""
"","2018",""
"","2019",""
"","2010",""
"","2011",""
"","2012",""
"","2013",""
"","2014",""
"","2015",""
"","2016",""
"","2017",""
"","2018",""
"","2019",""
"","2010",""
"","2011",""
"","2012",""
"","2013",""
"","2014",""
"","2015",""
"","2016",""
"","2017",""
"","2018",""
"","2019",""
"","2010",""
"","2011",""
"","2012",""
"","2013",""
"","2014",""
"","2015",""
"","2016",""
"","2017",""
"","2018",""
"","2019",""
"","2010",""
"","2011",""
"","2012",""
"","2013",""
"","2014",""
"","2015",""
"","2016",""
"","2017",""
"","2018",""
"","2019",""
"","2010",""
"","2011",""
"","2012",""
"","2013",""
"","2014",""
"","2015",""
"","2016",""
"","2017",""
"","2018",""
"","2019",""
"","2010",""
"","2011",""
"","2012",""
"","2013",""
"","2014",""
"","2015",""
"","2016",""
"","2017",""
"","2018",""
"","2019",""
"","2010",""
"","2011",""
"","2012",""
"","2013",""
"","2014",""
"","2015",""
"","2016",""
"","2017",""
"","2018",""
"","2019",""
"","2010",""
"","2011",""
"","2012",""
"","2013",""
"","2014",""
"","2015",""
"","2016",""
"","2017",""
"","2018",""
"","2019",""
"","2010",""
"","2011",""
"","2012",""
"","2013",""
"","2014",""
"","2015",""
"","2016",""
"","2017",""
"","2018",""
"","2019",""
"","2010",""
"","2011",""
"","2012",""
"","2013",""
"","2014",""
"","2015",""
"","2016",""
"","2017",""
"","2018",""
"","2019",""
"","2010",""
"","2011",""
"","2012",""
"","2013",""
"","2014",""
"","2015",""
"","2016",""
"","2017",""
"","2018",""
"","2019",""
"","2010",""
"","2011",""
"","2012",""
"","2013",""
"","2014",""
"","2015",""
"","2016",""
"","2017",""
"","2018",""
"","2019",""
"","2010",""
"","2011",""
"","2012",""
"","2013",""
"","2014",""
"","2015",""
"","2016",""
"","2017",""
"","2018",""
"","2019",""
"","2010",""
"","2011",""
"","2012",""
"","2013",""
"","2014",""
"","2015",""
"","2016",""
"","2017",""
"","2018",""
"","2019",""
"","2010",""
"","2011",""
"","2012",""
"","2013",""
"","2014",""
"","2015",""
"","2016",""
"","2017",""
"","2018",""
"","2019",""
"","2010",""
"","2011",""
"","2012",""
"","2013",""
"","2014",""
"","2015",""
"","2016",""
"","2017",""
"","2018",""
"","2019",""
"","2010",""
"","2011",""
"","2012",""
"","2013",""
"","2014",""
"","2015",""
"","2016",""
"","2017",""
"","2018",""
"","2019",""
"","2010",""
"","2011",""
"","2012",""
"","2013",""
"","2014",""
"","2015",""
"","2016",""
"","2017",""
"","2018",""
"","2019",""
"","2010",""
"","2011",""
"","2012",""
"","2013",""
"","2014",""
"","2015",""
"","2016",""
"","2017",""
"","2018",""
"","2019",""
"","2010",""
"","2011",""
"","2012",""
"","2013",""
"","2014",""
"","2015",""
"","2016",""
"","2017",""
"","2018",""
"","2019",""
"","2010",""
"","2011",""
"","2012",""
"","2013",""
"","2014",""
"","2015",""
"","2016",""
"","2017",""
"","2018",""
"","2019",""
"","2010",""
"","2011",""
"","2012",""
"","2013",""
"","2014",""
"","2015",""
"","2016",""
"","2017",""
"","2018",""
"","2019",""
"","2010",""
"","2011",""
"","2012",""
"","2013",""
"","2014",""
"","2015",""
"","2016",""
"","2017",""
"","2018",""
"","2019",""
"","2010",""
"","2011",""
"","2012",""
"","2013",""
"","2014",""
"","2015",""
"","2016",""
"","2017",""
"","2018",""
"","2019",""
"","2010",""
"","2011",""
"","2012",""
"","2013",""
"","2014",""
"","2015",""
"","2016",""
"","2017",""
"","2018",""
"","2019",""
"","2010",""
"","2011",""
"","2012",""
"","2013",""
"","2014",""
"","2015",""
"","2016",""
"","2017",""
"","2018",""
"","2019",""
"","2010",""
"","2011",""
"","2012",""
"","2013",""
"","2014",""
"","2015",""
"","2016",""
"","2017",""
"","2018",""
"","2019",""
"","2010",""
"","2011",""
"","2012",""
"","2013",""
"","2014",""
"","2015",""
"","2016",""
"","2017",""
"","2018",""
"","2019",""
"","2010",""
"","2011",""
"","2012",""
"","2013",""
"","2014",""
"","2015",""
"","2016",""
"","2017",""
"","2018",""
"","2019",""
"","2010",""
"","2011",""
"","2012",""
"","2013",""
"","2014",""
"","2015",""
"","2016",""
"","2017",""
"","2018",""
"","2019",""
"","2010",""
"","2011",""
"","2012",""
"","2013",""
"","2014",""
"","2015",""
"","2016",""
"","2017",""
"","2018",""
"","2019",""
"","2010",""
"","2011",""
"","2012",""
"","2013",""
"","2014",""
"","2015",""
"","2016",""
"","2017",""
"","2018",""
"","2019",""
"","2010",""
"","2011",""
"","2012",""
"","2013",""
"","2014",""
"","2015",""
"","2016",""
"","2017",""
"","2018",""
"","2019",""
"","2010",""
"","2011",""
"","2012",""
"","2013",""
"","2014",""
"","2015",""
"","2016",""
"","2017",""
"","2018",""
"","2019",""
"","2010",""
"","2011",""
"","2012",""
"","2013",""
"","2014",""
"","2015",""
"","2016",""
"","2017",""
"","2018",""
"","2019",""
"","2010",""
"","2011",""
"","2012",""
"","2013",""
"","2014",""
"","2015",""
"","2016",""
"","2017",""
"","2018",""
"","2019",""
"","2010",""
"","2011",""
"","2012",""
"","2013",""
"","2014",""
"","2015",""
"","2016",""
"","2017",""
"","2018",""
"","2019",""
"Alabama","2020","5,024,279"
"Alaska","2020","733,391"
"Arizona","2020","7,151,502"
"Arkansas","2020","3,011,524"
"California","2020","39,538,223"
"Colorado","2020","5,773,714"
"Connecticut","2020","3,605,944"
"Delaware","2020","989,948"
"District of Columbia","2020","689,545"
"Florida","2020","21,538,187"
"Georgia","2020","10,711,908"
"Hawaii","2020","1,455,271"
"Idaho","2020","1,839,106"
"Illinois","2020","12,812,508"
"Indiana","2020","6,785,528"
"Iowa","2020","3,190,369"
"Kansas","2020","2,937,880"
"Kentucky","2020","4,505,836"
"Louisiana","2020","4,657,757"
"Maine","2020","1,362,359"
"Maryland","2020","6,177,224"
"Massachusetts","2020","7,029,917"
"Michigan","2020","10,077,331"
"Minnesota","2020","5,706,494"
"Mississippi","2020","2,961,279"
"Missouri","2020","6,154,913"
"Montana","2020","1,084,225"
"Nebraska","2020","1,961,504"
"Nevada","2020","3,104,614"
"New Hampshire","2020","1,377,529"
"New Jersey","2020","9,288,994"
"New Mexico","2020","2,117,522"
"New York","2020","20,201,249"
"North Carolina","2020","10,439,388"
"North Dakota","2020","779,094"
"Ohio","2020","11,799,448"
"Oklahoma","2020","3,959,353"
"Oregon","2020","4,237,256"
"Pennsylvania","2020","13,002,700"
"Rhode Island","2020","1,097,379"
"South Carolina","2020","5,118,425"
"South Dakota","2020","886,667"
"Tennessee","2020","6,910,840"
"Texas","2020","29,145,505"
"Utah","2020","3,271,616"
"Vermont","2020","643,077"
"Virginia","2020","8,631,393"
"Washington","2020","7,705,281"
"West Virginia","2020","1,793,716"
"Wisconsin","2020","5,893,718"
"Wyoming","2020","576,851"
